case_id,slide_id,wsi_id,event,censorship,survival_months,time_bin,split,fold,is_test,label,len_img
C3N-02929,C3N-02929-21,C3N-02929-21,1,0,35.351129363449694,3,train,1,0,3,1438
C3N-02929,C3N-02929-22,C3N-02929-22,1,0,35.351129363449694,3,train,1,0,3,705
C3N-02929,C3N-02929-23,C3N-02929-23,1,0,35.351129363449694,3,train,1,0,3,2174
C3L-00422,C3L-00422-21,C3L-00422-21,0,1,62.94866529774127,3,train,1,0,3,2091
C3L-00422,C3L-00422-22,C3L-00422-22,0,1,62.94866529774127,3,train,1,0,3,1483
C3L-00422,C3L-00422-23,C3L-00422-23,0,1,62.94866529774127,3,train,1,0,3,1052
C3L-00422,C3L-00422-24,C3L-00422-24,0,1,62.94866529774127,3,train,1,0,3,3051
C3L-00422,C3L-00422-25,C3L-00422-25,0,1,62.94866529774127,3,train,1,0,3,2985
C3L-00422,C3L-00422-26,C3L-00422-26,0,1,62.94866529774127,3,train,1,0,3,3385
C3L-00009,C3L-00009-21,C3L-00009-21,1,0,18.95687885010267,1,train,1,0,1,2236
C3L-00009,C3L-00009-26,C3L-00009-26,1,0,18.95687885010267,1,train,1,0,1,3465
C3N-02422,C3N-02422-21,C3N-02422-21,1,0,21.355236139630392,2,train,1,0,2,2044
C3N-02422,C3N-02422-22,C3N-02422-22,1,0,21.355236139630392,2,train,1,0,2,1884
C3N-02422,C3N-02422-23,C3N-02422-23,1,0,21.355236139630392,2,train,1,0,2,4821
C3N-02067,C3N-02067-21,C3N-02067-21,0,1,64.72279260780287,3,train,1,0,3,2282
C3N-02067,C3N-02067-22,C3N-02067-22,0,1,64.72279260780287,3,train,1,0,3,2628
C3N-02067,C3N-02067-23,C3N-02067-23,0,1,64.72279260780287,3,train,1,0,3,12118
C3L-03679,C3L-03679-21,C3L-03679-21,0,1,56.54209445585216,3,train,1,0,3,8723
C3L-03679,C3L-03679-22,C3L-03679-22,0,1,56.54209445585216,3,train,1,0,3,9470
C3N-01074,C3N-01074-21,C3N-01074-21,1,0,7.523613963039015,0,train,1,0,0,11607
C3N-01074,C3N-01074-22,C3N-01074-22,1,0,7.523613963039015,0,train,1,0,0,11151
C3N-01074,C3N-01074-23,C3N-01074-23,1,0,7.523613963039015,0,train,1,0,0,7557
C3N-01074,C3N-01074-24,C3N-01074-24,1,0,7.523613963039015,0,train,1,0,0,9597
C3N-01074,C3N-01074-26,C3N-01074-26,1,0,7.523613963039015,0,train,1,0,0,8285
C3N-01074,C3N-01074-27,C3N-01074-27,1,0,7.523613963039015,0,train,1,0,0,8920
C3N-02421,C3N-02421-21,C3N-02421-21,0,1,62.29158110882956,3,train,1,0,3,1745
C3N-02421,C3N-02421-22,C3N-02421-22,0,1,62.29158110882956,3,train,1,0,3,1881
C3N-02421,C3N-02421-23,C3N-02421-23,0,1,62.29158110882956,3,train,1,0,3,8872
C3L-00412,C3L-00412-21,C3L-00412-21,1,0,5.322381930184806,0,train,1,0,0,6093
C3L-00412,C3L-00412-26,C3L-00412-26,1,0,5.322381930184806,0,train,1,0,0,9909
C3L-00083,C3L-00083-21,C3L-00083-21,0,1,58.809034907597535,3,train,1,0,3,4598
C3L-00083,C3L-00083-26,C3L-00083-26,0,1,58.809034907597535,3,train,1,0,3,3296
C3N-00175,C3N-00175-21,C3N-00175-21,1,0,10.119096509240247,0,train,1,0,0,12217
C3N-00175,C3N-00175-22,C3N-00175-22,1,0,10.119096509240247,0,train,1,0,0,10481
C3N-00175,C3N-00175-23,C3N-00175-23,1,0,10.119096509240247,0,train,1,0,0,10995
C3N-00175,C3N-00175-24,C3N-00175-24,1,0,10.119096509240247,0,train,1,0,0,9433
C3N-00175,C3N-00175-26,C3N-00175-26,1,0,10.119096509240247,0,train,1,0,0,8658
C3N-00175,C3N-00175-27,C3N-00175-27,1,0,10.119096509240247,0,train,1,0,0,9530
C3L-03969,C3L-03969-21,C3L-03969-21,1,0,6.7351129363449695,0,train,1,0,0,2468
C3L-03969,C3L-03969-22,C3L-03969-22,1,0,6.7351129363449695,0,train,1,0,0,2574
C3L-03969,C3L-03969-23,C3L-03969-23,1,0,6.7351129363449695,0,train,1,0,0,6708
C3L-03969,C3L-03969-24,C3L-03969-24,1,0,6.7351129363449695,0,train,1,0,0,3821
C3L-03969,C3L-03969-25,C3L-03969-25,1,0,6.7351129363449695,0,train,1,0,0,3298
C3L-03969,C3L-03969-26,C3L-03969-26,1,0,6.7351129363449695,0,train,1,0,0,1362
C3L-03969,C3L-03969-27,C3L-03969-27,1,0,6.7351129363449695,0,train,1,0,0,1792
C3L-03969,C3L-03969-28,C3L-03969-28,1,0,6.7351129363449695,0,train,1,0,0,2057
C3L-02515,C3L-02515-21,C3L-02515-21,0,1,59.72895277207392,3,train,1,0,3,3552
C3L-02515,C3L-02515-22,C3L-02515-22,0,1,59.72895277207392,3,train,1,0,3,5297
C3L-02515,C3L-02515-23,C3L-02515-23,0,1,59.72895277207392,3,train,1,0,3,5965
C3L-02515,C3L-02515-24,C3L-02515-24,0,1,59.72895277207392,3,train,1,0,3,3805
C3L-02515,C3L-02515-25,C3L-02515-25,0,1,59.72895277207392,3,train,1,0,3,647
C3L-02365,C3L-02365-21,C3L-02365-21,1,0,20.59958932238193,1,train,1,0,1,3321
C3L-02365,C3L-02365-22,C3L-02365-22,1,0,20.59958932238193,1,train,1,0,1,2884
C3L-02365,C3L-02365-23,C3L-02365-23,1,0,20.59958932238193,1,train,1,0,1,1826
C3L-02365,C3L-02365-24,C3L-02365-24,1,0,20.59958932238193,1,train,1,0,1,2270
C3L-02365,C3L-02365-25,C3L-02365-25,1,0,20.59958932238193,1,train,1,0,1,2098
C3L-02643,C3L-02643-21,C3L-02643-21,1,0,33.609856262833674,2,train,1,0,2,6181
C3L-02643,C3L-02643-22,C3L-02643-22,1,0,33.609856262833674,2,train,1,0,2,5312
C3L-02643,C3L-02643-23,C3L-02643-23,1,0,33.609856262833674,2,train,1,0,2,6634
C3L-02643,C3L-02643-24,C3L-02643-24,1,0,33.609856262833674,2,train,1,0,2,3316
C3L-02643,C3L-02643-25,C3L-02643-25,1,0,33.609856262833674,2,train,1,0,2,2359
C3L-02643,C3L-02643-26,C3L-02643-26,1,0,33.609856262833674,2,train,1,0,2,4692
C3L-02643,C3L-02643-27,C3L-02643-27,1,0,33.609856262833674,2,train,1,0,2,5020
C3L-02219,C3L-02219-21,C3L-02219-21,1,0,30.587268993839835,2,train,1,0,2,2269
C3L-02219,C3L-02219-22,C3L-02219-22,1,0,30.587268993839835,2,train,1,0,2,1120
C3L-02219,C3L-02219-26,C3L-02219-26,1,0,30.587268993839835,2,train,1,0,2,1321
C3L-00001,C3L-00001-21,C3L-00001-21,0,1,60.35318275154004,3,train,1,0,3,3783
C3L-00001,C3L-00001-26,C3L-00001-26,0,1,60.35318275154004,3,train,1,0,3,5038
C3L-03721,C3L-03721-21,C3L-03721-21,0,1,44.05749486652977,3,train,1,0,3,47866
C3L-03721,C3L-03721-22,C3L-03721-22,0,1,44.05749486652977,3,train,1,0,3,21274
C3N-02582,C3N-02582-21,C3N-02582-21,1,0,29.17453798767967,2,train,1,0,2,3375
C3N-02582,C3N-02582-22,C3N-02582-22,1,0,29.17453798767967,2,train,1,0,2,2760
C3N-02582,C3N-02582-23,C3N-02582-23,1,0,29.17453798767967,2,train,1,0,2,2259
C3L-02616,C3L-02616-21,C3L-02616-21,1,0,8.016427104722792,0,train,1,0,0,3708
C3L-02616,C3L-02616-22,C3L-02616-22,1,0,8.016427104722792,0,train,1,0,0,7923
C3L-02616,C3L-02616-23,C3L-02616-23,1,0,8.016427104722792,0,train,1,0,0,7031
C3L-02616,C3L-02616-24,C3L-02616-24,1,0,8.016427104722792,0,train,1,0,0,5161
C3L-02616,C3L-02616-25,C3L-02616-25,1,0,8.016427104722792,0,train,1,0,0,8427
C3L-02616,C3L-02616-26,C3L-02616-26,1,0,8.016427104722792,0,train,1,0,0,5481
C3L-02616,C3L-02616-27,C3L-02616-27,1,0,8.016427104722792,0,train,1,0,0,3253
C3L-02616,C3L-02616-28,C3L-02616-28,1,0,8.016427104722792,0,train,1,0,0,3781
C3L-03463,C3L-03463-26,C3L-03463-26,0,1,58.907597535934286,3,train,1,0,3,14976
C3L-03463,C3L-03463-27,C3L-03463-27,0,1,58.907597535934286,3,train,1,0,3,14249
C3L-01330,C3L-01330-21,C3L-01330-21,0,1,52.402464065708415,3,train,1,0,3,1213
C3L-01330,C3L-01330-22,C3L-01330-22,0,1,52.402464065708415,3,train,1,0,3,931
C3L-01330,C3L-01330-23,C3L-01330-23,0,1,52.402464065708415,3,train,1,0,3,1234
C3L-01330,C3L-01330-24,C3L-01330-24,0,1,52.402464065708415,3,train,1,0,3,2742
C3L-01330,C3L-01330-25,C3L-01330-25,0,1,52.402464065708415,3,train,1,0,3,2961
C3L-01330,C3L-01330-26,C3L-01330-26,0,1,52.402464065708415,3,train,1,0,3,2350
C3N-03052,C3N-03052-21,C3N-03052-21,1,0,25.987679671457908,2,train,1,0,2,3149
C3N-03052,C3N-03052-22,C3N-03052-22,1,0,25.987679671457908,2,train,1,0,2,4871
C3N-03052,C3N-03052-23,C3N-03052-23,1,0,25.987679671457908,2,train,1,0,2,3977
C3N-00167,C3N-00167-21,C3N-00167-21,0,1,27.663244353182748,2,train,1,0,2,23398
C3N-00167,C3N-00167-22,C3N-00167-22,0,1,27.663244353182748,2,train,1,0,2,26271
C3N-00167,C3N-00167-23,C3N-00167-23,0,1,27.663244353182748,2,train,1,0,2,22828
C3N-00167,C3N-00167-24,C3N-00167-24,0,1,27.663244353182748,2,train,1,0,2,21138
C3N-00167,C3N-00167-26,C3N-00167-26,0,1,27.663244353182748,2,train,1,0,2,13785
C3N-00167,C3N-00167-27,C3N-00167-27,0,1,27.663244353182748,2,train,1,0,2,15813
C3L-00093,C3L-00093-21,C3L-00093-21,1,0,55.95071868583162,3,train,1,0,3,2609
C3L-00093,C3L-00093-26,C3L-00093-26,1,0,55.95071868583162,3,train,1,0,3,4069
C3N-03764,C3N-03764-22,C3N-03764-22,1,0,10.973305954825465,1,train,1,0,1,3556
C3N-03764,C3N-03764-29,C3N-03764-29,1,0,10.973305954825465,1,train,1,0,1,2032
C3N-02948,C3N-02948-21,C3N-02948-21,0,1,35.61396303901438,3,train,1,0,3,2672
C3N-02948,C3N-02948-22,C3N-02948-22,0,1,35.61396303901438,3,train,1,0,3,2764
C3N-02948,C3N-02948-23,C3N-02948-23,0,1,35.61396303901438,3,train,1,0,3,2175
C3N-02948,C3N-02948-26,C3N-02948-26,0,1,35.61396303901438,3,train,1,0,3,3535
C3N-02948,C3N-02948-27,C3N-02948-27,0,1,35.61396303901438,3,train,1,0,3,7231
C3L-00973,C3L-00973-21,C3L-00973-21,0,1,47.14579055441479,3,train,1,0,3,6898
C3L-00973,C3L-00973-22,C3L-00973-22,0,1,47.14579055441479,3,train,1,0,3,10146
C3L-00973,C3L-00973-23,C3L-00973-23,0,1,47.14579055441479,3,train,1,0,3,10113
C3L-00973,C3L-00973-24,C3L-00973-24,0,1,47.14579055441479,3,train,1,0,3,7381
C3L-00973,C3L-00973-25,C3L-00973-25,0,1,47.14579055441479,3,train,1,0,3,4523
C3L-00973,C3L-00973-27,C3L-00973-27,0,1,47.14579055441479,3,train,1,0,3,3092
C3L-00973,C3L-00973-28,C3L-00973-28,0,1,47.14579055441479,3,train,1,0,3,4813
C3L-03642,C3L-03642-21,C3L-03642-21,1,0,38.60369609856262,3,train,1,0,3,2511
C3L-03642,C3L-03642-22,C3L-03642-22,1,0,38.60369609856262,3,train,1,0,3,8565
C3N-03420,C3N-03420-21,C3N-03420-21,1,0,37.289527720739216,3,train,1,0,3,5326
C3N-03420,C3N-03420-22,C3N-03420-22,1,0,37.289527720739216,3,train,1,0,3,3169
C3N-03420,C3N-03420-29,C3N-03420-29,1,0,37.289527720739216,3,train,1,0,3,2955
C3N-04382,C3N-04382-21,C3N-04382-21,0,1,37.125256673511295,3,train,1,0,3,1609
C3N-04382,C3N-04382-22,C3N-04382-22,0,1,37.125256673511295,3,train,1,0,3,1675
C3N-04382,C3N-04382-27,C3N-04382-27,0,1,37.125256673511295,3,train,1,0,3,3777
C3L-03726,C3L-03726-21,C3L-03726-21,0,1,44.84599589322382,3,train,1,0,3,1549
C3L-03726,C3L-03726-22,C3L-03726-22,0,1,44.84599589322382,3,train,1,0,3,2079
C3L-03726,C3L-03726-23,C3L-03726-23,0,1,44.84599589322382,3,train,1,0,3,1825
C3L-03726,C3L-03726-24,C3L-03726-24,0,1,44.84599589322382,3,train,1,0,3,4036
C3L-03726,C3L-03726-25,C3L-03726-25,0,1,44.84599589322382,3,train,1,0,3,3540
C3L-03726,C3L-03726-26,C3L-03726-26,0,1,44.84599589322382,3,train,1,0,3,3627
C3N-02928,C3N-02928-21,C3N-02928-21,0,1,56.772073921971256,3,train,1,0,3,1732
C3N-02928,C3N-02928-22,C3N-02928-22,0,1,56.772073921971256,3,train,1,0,3,1437
C3N-02928,C3N-02928-23,C3N-02928-23,0,1,56.772073921971256,3,train,1,0,3,2958
C3N-02529,C3N-02529-21,C3N-02529-21,1,0,27.89322381930185,2,train,1,0,2,2518
C3N-02529,C3N-02529-22,C3N-02529-22,1,0,27.89322381930185,2,train,1,0,2,1826
C3N-02529,C3N-02529-23,C3N-02529-23,1,0,27.89322381930185,2,train,1,0,2,2719
C3L-02601,C3L-02601-21,C3L-02601-21,1,0,6.603696098562629,0,train,1,0,0,1714
C3L-02601,C3L-02601-26,C3L-02601-26,1,0,6.603696098562629,0,train,1,0,0,1713
C3L-00913,C3L-00913-21,C3L-00913-21,1,0,2.3983572895277208,0,train,1,0,0,2467
C3L-00913,C3L-00913-22,C3L-00913-22,1,0,2.3983572895277208,0,train,1,0,0,3760
C3L-00913,C3L-00913-23,C3L-00913-23,1,0,2.3983572895277208,0,train,1,0,0,1630
C3L-00913,C3L-00913-26,C3L-00913-26,1,0,2.3983572895277208,0,train,1,0,0,3428
C3N-02281,C3N-02281-22,C3N-02281-22,1,0,47.17864476386037,3,train,1,0,3,1963
C3N-02281,C3N-02281-23,C3N-02281-23,1,0,47.17864476386037,3,train,1,0,3,1993
C3N-02281,C3N-02281-24,C3N-02281-24,1,0,47.17864476386037,3,train,1,0,3,2268
C3N-03205,C3N-03205-21,C3N-03205-21,0,1,60.6488706365503,3,train,1,0,3,1458
C3N-03205,C3N-03205-22,C3N-03205-22,0,1,60.6488706365503,3,train,1,0,3,1462
C3N-03205,C3N-03205-23,C3N-03205-23,0,1,60.6488706365503,3,train,1,0,3,2487
C3L-02559,C3L-02559-26,C3L-02559-26,0,1,57.95482546201232,3,train,1,0,3,1271
C3N-03210,C3N-03210-21,C3N-03210-21,0,1,59.46611909650924,3,train,1,0,3,1141
C3N-03210,C3N-03210-22,C3N-03210-22,0,1,59.46611909650924,3,train,1,0,3,1674
C3N-03210,C3N-03210-23,C3N-03210-23,0,1,59.46611909650924,3,train,1,0,3,1291
C3N-03765,C3N-03765-27,C3N-03765-27,1,0,27.17043121149897,2,train,1,0,2,1982
C3N-03765,C3N-03765-29,C3N-03765-29,1,0,27.17043121149897,2,train,1,0,2,1421
C3L-01889,C3L-01889-21,C3L-01889-21,0,1,59.1047227926078,3,train,1,0,3,1712
C3L-01889,C3L-01889-26,C3L-01889-26,0,1,59.1047227926078,3,train,1,0,3,3003
C3L-02954,C3L-02954-21,C3L-02954-21,1,0,20.928131416837783,1,train,1,0,1,546
C3L-02954,C3L-02954-26,C3L-02954-26,1,0,20.928131416837783,1,train,1,0,1,4080
C3N-03911,C3N-03911-21,C3N-03911-21,0,1,24.70636550308009,2,train,1,0,2,14744
C3N-03911,C3N-03911-22,C3N-03911-22,0,1,24.70636550308009,2,train,1,0,2,21129
C3N-03911,C3N-03911-23,C3N-03911-23,0,1,24.70636550308009,2,train,1,0,2,13784
C3N-03911,C3N-03911-26,C3N-03911-26,0,1,24.70636550308009,2,train,1,0,2,4235
C3N-04180,C3N-04180-21,C3N-04180-21,1,0,23.29363449691992,2,train,1,0,2,3290
C3N-04180,C3N-04180-30,C3N-04180-30,1,0,23.29363449691992,2,train,1,0,2,2241
C3N-03212,C3N-03212-21,C3N-03212-21,0,1,60.87885010266941,3,train,1,0,3,1661
C3N-03212,C3N-03212-22,C3N-03212-22,0,1,60.87885010266941,3,train,1,0,3,738
C3N-03212,C3N-03212-23,C3N-03212-23,0,1,60.87885010266941,3,train,1,0,3,1253
C3L-01683,C3L-01683-26,C3L-01683-26,1,0,34.365503080082135,3,train,1,0,3,2653
C3L-01683,C3L-01683-27,C3L-01683-27,1,0,34.365503080082135,3,train,1,0,3,2179
C3L-01683,C3L-01683-28,C3L-01683-28,1,0,34.365503080082135,3,train,1,0,3,8648
C3L-01683,C3L-01683-29,C3L-01683-29,1,0,34.365503080082135,3,train,1,0,3,6791
C3N-02379,C3N-02379-21,C3N-02379-21,1,0,14.55441478439425,1,train,1,0,1,3908
C3N-02379,C3N-02379-22,C3N-02379-22,1,0,14.55441478439425,1,train,1,0,1,3774
C3N-02379,C3N-02379-23,C3N-02379-23,1,0,14.55441478439425,1,train,1,0,1,4004
C3N-00294,C3N-00294-21,C3N-00294-21,0,1,60.71457905544148,3,train,1,0,3,14984
C3N-00294,C3N-00294-22,C3N-00294-22,0,1,60.71457905544148,3,train,1,0,3,12752
C3N-00294,C3N-00294-23,C3N-00294-23,0,1,60.71457905544148,3,train,1,0,3,17513
C3N-00294,C3N-00294-24,C3N-00294-24,0,1,60.71457905544148,3,train,1,0,3,12444
C3N-00294,C3N-00294-25,C3N-00294-25,0,1,60.71457905544148,3,train,1,0,3,14306
C3L-02958,C3L-02958-21,C3L-02958-21,0,1,57.19917864476386,3,train,1,0,3,3265
C3L-02958,C3L-02958-26,C3L-02958-26,0,1,57.19917864476386,3,train,1,0,3,3505
C3L-01862,C3L-01862-21,C3L-01862-21,1,0,19.515400410677618,1,train,1,0,1,2160
C3L-01862,C3L-01862-22,C3L-01862-22,1,0,19.515400410677618,1,train,1,0,1,1142
C3L-01862,C3L-01862-23,C3L-01862-23,1,0,19.515400410677618,1,train,1,0,1,1690
C3L-01862,C3L-01862-26,C3L-01862-26,1,0,19.515400410677618,1,train,1,0,1,1972
C3N-03074,C3N-03074-21,C3N-03074-21,0,1,61.83162217659138,3,train,1,0,3,2991
C3N-03074,C3N-03074-22,C3N-03074-22,0,1,61.83162217659138,3,train,1,0,3,4216
C3N-03074,C3N-03074-23,C3N-03074-23,0,1,61.83162217659138,3,train,1,0,3,2559
C3N-01823,C3N-01823-21,C3N-01823-21,1,0,11.531827515400412,1,train,1,0,1,3089
C3N-01823,C3N-01823-22,C3N-01823-22,1,0,11.531827515400412,1,train,1,0,1,3557
C3N-01823,C3N-01823-23,C3N-01823-23,1,0,11.531827515400412,1,train,1,0,1,3474
C3N-01823,C3N-01823-26,C3N-01823-26,1,0,11.531827515400412,1,train,1,0,1,3889
C3L-02967,C3L-02967-21,C3L-02967-21,0,1,64.85420944558521,3,train,1,0,3,518
C3L-02967,C3L-02967-26,C3L-02967-26,0,1,64.85420944558521,3,train,1,0,3,1573
C3N-02587,C3N-02587-21,C3N-02587-21,0,1,62.06160164271047,3,train,1,0,3,3970
C3N-02587,C3N-02587-22,C3N-02587-22,0,1,62.06160164271047,3,train,1,0,3,3657
C3N-02587,C3N-02587-23,C3N-02587-23,0,1,62.06160164271047,3,train,1,0,3,7966
C3L-00604,C3L-00604-21,C3L-00604-21,0,1,59.17043121149898,3,train,1,0,3,1639
C3L-00604,C3L-00604-22,C3L-00604-22,0,1,59.17043121149898,3,train,1,0,3,1508
C3L-00604,C3L-00604-23,C3L-00604-23,0,1,59.17043121149898,3,train,1,0,3,2036
C3L-00604,C3L-00604-26,C3L-00604-26,0,1,59.17043121149898,3,train,1,0,3,1384
C3N-00293,C3N-00293-21,C3N-00293-21,0,1,60.18891170431212,3,train,1,0,3,10209
C3N-00293,C3N-00293-22,C3N-00293-22,0,1,60.18891170431212,3,train,1,0,3,14258
C3N-00293,C3N-00293-23,C3N-00293-23,0,1,60.18891170431212,3,train,1,0,3,11549
C3N-00293,C3N-00293-24,C3N-00293-24,0,1,60.18891170431212,3,train,1,0,3,15717
C3N-00293,C3N-00293-25,C3N-00293-25,0,1,60.18891170431212,3,train,1,0,3,11347
C3L-02348,C3L-02348-21,C3L-02348-21,0,1,58.84188911704312,3,train,1,0,3,3541
C3L-02348,C3L-02348-22,C3L-02348-22,0,1,58.84188911704312,3,train,1,0,3,4271
C3L-02348,C3L-02348-26,C3L-02348-26,0,1,58.84188911704312,3,train,1,0,3,5262
C3L-03462,C3L-03462-21,C3L-03462-21,1,0,49.57700205338809,3,train,1,0,3,1378
C3L-03462,C3L-03462-22,C3L-03462-22,1,0,49.57700205338809,3,train,1,0,3,1715
C3L-03462,C3L-03462-23,C3L-03462-23,1,0,49.57700205338809,3,train,1,0,3,1370
C3L-03462,C3L-03462-24,C3L-03462-24,1,0,49.57700205338809,3,train,1,0,3,1772
C3L-02513,C3L-02513-21,C3L-02513-21,0,1,54.735112936344976,3,train,1,0,3,3710
C3L-02513,C3L-02513-22,C3L-02513-22,0,1,54.735112936344976,3,train,1,0,3,3238
C3L-02513,C3L-02513-23,C3L-02513-23,0,1,54.735112936344976,3,train,1,0,3,3876
C3L-02513,C3L-02513-24,C3L-02513-24,0,1,54.735112936344976,3,train,1,0,3,7141
C3L-02513,C3L-02513-25,C3L-02513-25,0,1,54.735112936344976,3,train,1,0,3,8188
C3L-02345,C3L-02345-21,C3L-02345-21,0,1,59.00616016427105,3,train,1,0,3,2654
C3L-02345,C3L-02345-22,C3L-02345-22,0,1,59.00616016427105,3,train,1,0,3,2998
C3L-02345,C3L-02345-23,C3L-02345-23,0,1,59.00616016427105,3,train,1,0,3,2814
C3L-02345,C3L-02345-26,C3L-02345-26,0,1,59.00616016427105,3,train,1,0,3,2960
C3L-04757,C3L-04757-21,C3L-04757-21,1,0,37.289527720739216,3,train,1,0,3,5105
C3L-04757,C3L-04757-22,C3L-04757-22,1,0,37.289527720739216,3,train,1,0,3,3468
C3L-04757,C3L-04757-23,C3L-04757-23,1,0,37.289527720739216,3,train,1,0,3,3802
C3L-04757,C3L-04757-24,C3L-04757-24,1,0,37.289527720739216,3,train,1,0,3,3897
C3L-04757,C3L-04757-25,C3L-04757-25,1,0,37.289527720739216,3,train,1,0,3,2694
C3L-04757,C3L-04757-26,C3L-04757-26,1,0,37.289527720739216,3,train,1,0,3,3128
C3L-04757,C3L-04757-27,C3L-04757-27,1,0,37.289527720739216,3,train,1,0,3,1274
C3L-04757,C3L-04757-28,C3L-04757-28,1,0,37.289527720739216,3,train,1,0,3,2497
C3L-02350,C3L-02350-22,C3L-02350-22,0,1,64.06570841889116,3,train,1,0,3,3311
C3L-02350,C3L-02350-26,C3L-02350-26,0,1,64.06570841889116,3,train,1,0,3,1158
C3N-02451,C3N-02451-21,C3N-02451-21,0,1,69.81519507186859,3,train,1,0,3,1207
C3N-02451,C3N-02451-23,C3N-02451-23,0,1,69.81519507186859,3,train,1,0,3,1537
C3N-02451,C3N-02451-26,C3N-02451-26,0,1,69.81519507186859,3,train,1,0,3,1691
C3N-02451,C3N-02451-27,C3N-02451-27,0,1,69.81519507186859,3,train,1,0,3,730
C3N-00549,C3N-00549-21,C3N-00549-21,0,1,25.987679671457908,2,train,1,0,2,14664
C3N-00549,C3N-00549-22,C3N-00549-22,0,1,25.987679671457908,2,train,1,0,2,9616
C3N-00549,C3N-00549-23,C3N-00549-23,0,1,25.987679671457908,2,train,1,0,2,13619
C3N-00549,C3N-00549-24,C3N-00549-24,0,1,25.987679671457908,2,train,1,0,2,15898
C3N-00549,C3N-00549-26,C3N-00549-26,0,1,25.987679671457908,2,train,1,0,2,13371
C3N-00549,C3N-00549-27,C3N-00549-27,0,1,25.987679671457908,2,train,1,0,2,12259
C3N-02087,C3N-02087-21,C3N-02087-21,1,0,9.95482546201232,0,train,1,0,0,25558
C3N-02087,C3N-02087-22,C3N-02087-22,1,0,9.95482546201232,0,train,1,0,0,15736
C3N-02087,C3N-02087-23,C3N-02087-23,1,0,9.95482546201232,0,train,1,0,0,22762
C3N-02087,C3N-02087-24,C3N-02087-24,1,0,9.95482546201232,0,train,1,0,0,19435
C3N-02087,C3N-02087-26,C3N-02087-26,1,0,9.95482546201232,0,train,1,0,0,14553
C3N-02087,C3N-02087-27,C3N-02087-27,1,0,9.95482546201232,0,train,1,0,0,20191
C3L-00095,C3L-00095-21,C3L-00095-21,0,1,58.94045174537988,3,train,1,0,3,1637
C3L-00095,C3L-00095-22,C3L-00095-22,0,1,58.94045174537988,3,train,1,0,3,2290
C3L-00095,C3L-00095-23,C3L-00095-23,0,1,58.94045174537988,3,train,1,0,3,1588
C3L-00095,C3L-00095-26,C3L-00095-26,0,1,58.94045174537988,3,train,1,0,3,3821
C3L-04033,C3L-04033-21,C3L-04033-21,0,1,46.16016427104723,3,train,1,0,3,3725
C3L-04033,C3L-04033-22,C3L-04033-22,0,1,46.16016427104723,3,train,1,0,3,1701
C3L-04033,C3L-04033-23,C3L-04033-23,0,1,46.16016427104723,3,train,1,0,3,2070
C3L-04033,C3L-04033-24,C3L-04033-24,0,1,46.16016427104723,3,train,1,0,3,4997
C3L-04033,C3L-04033-25,C3L-04033-25,0,1,46.16016427104723,3,train,1,0,3,2219
C3L-04033,C3L-04033-26,C3L-04033-26,0,1,46.16016427104723,3,train,1,0,3,8160
C3L-04033,C3L-04033-27,C3L-04033-27,0,1,46.16016427104723,3,train,1,0,3,7513
C3L-04033,C3L-04033-28,C3L-04033-28,0,1,46.16016427104723,3,train,1,0,3,8021
C3L-03985,C3L-03985-21,C3L-03985-21,0,1,57.3305954825462,3,train,1,0,3,9149
C3L-03985,C3L-03985-22,C3L-03985-22,0,1,57.3305954825462,3,train,1,0,3,5223
C3L-03985,C3L-03985-23,C3L-03985-23,0,1,57.3305954825462,3,train,1,0,3,4663
C3L-03985,C3L-03985-24,C3L-03985-24,0,1,57.3305954825462,3,train,1,0,3,3048
C3L-03985,C3L-03985-25,C3L-03985-25,0,1,57.3305954825462,3,train,1,0,3,3477
C3L-03985,C3L-03985-26,C3L-03985-26,0,1,57.3305954825462,3,train,1,0,3,1783
C3L-03985,C3L-03985-27,C3L-03985-27,0,1,57.3305954825462,3,train,1,0,3,2816
C3L-03985,C3L-03985-28,C3L-03985-28,0,1,57.3305954825462,3,train,1,0,3,2495
C3L-01924,C3L-01924-21,C3L-01924-21,0,1,37.223819301848046,3,val,0,0,3,3160
C3L-01924,C3L-01924-22,C3L-01924-22,0,1,37.223819301848046,3,val,0,0,3,5639
C3L-01924,C3L-01924-23,C3L-01924-23,0,1,37.223819301848046,3,val,0,0,3,2296
C3L-01924,C3L-01924-24,C3L-01924-24,0,1,37.223819301848046,3,val,0,0,3,5009
C3L-01924,C3L-01924-25,C3L-01924-25,0,1,37.223819301848046,3,val,0,0,3,3893
C3L-01924,C3L-01924-27,C3L-01924-27,0,1,37.223819301848046,3,val,0,0,3,5756
C3L-01924,C3L-01924-28,C3L-01924-28,0,1,37.223819301848046,3,val,0,0,3,3035
C3N-02586,C3N-02586-21,C3N-02586-21,1,0,0.9856262833675564,0,val,0,0,0,1072
C3N-02586,C3N-02586-22,C3N-02586-22,1,0,0.9856262833675564,0,val,0,0,0,2322
C3N-02586,C3N-02586-23,C3N-02586-23,1,0,0.9856262833675564,0,val,0,0,0,2191
C3L-00446,C3L-00446-21,C3L-00446-21,1,0,8.673511293634498,0,val,0,0,0,25420
C3L-00446,C3L-00446-22,C3L-00446-22,1,0,8.673511293634498,0,val,0,0,0,11128
C3L-00446,C3L-00446-23,C3L-00446-23,1,0,8.673511293634498,0,val,0,0,0,14264
C3L-00446,C3L-00446-24,C3L-00446-24,1,0,8.673511293634498,0,val,0,0,0,17279
C3L-00446,C3L-00446-25,C3L-00446-25,1,0,8.673511293634498,0,val,0,0,0,8593
C3L-00446,C3L-00446-26,C3L-00446-26,1,0,8.673511293634498,0,val,0,0,0,20925
C3L-00446,C3L-00446-27,C3L-00446-27,1,0,8.673511293634498,0,val,0,0,0,4948
C3N-02380,C3N-02380-21,C3N-02380-21,0,1,63.47433264887064,3,val,0,0,3,5225
C3N-02380,C3N-02380-22,C3N-02380-22,0,1,63.47433264887064,3,val,0,0,3,5551
C3N-02380,C3N-02380-23,C3N-02380-23,0,1,63.47433264887064,3,val,0,0,3,5894
C3N-02672,C3N-02672-21,C3N-02672-21,0,1,60.32032854209446,3,val,0,0,3,1518
C3N-02672,C3N-02672-28,C3N-02672-28,0,1,60.32032854209446,3,val,0,0,3,1503
C3N-00959,C3N-00959-21,C3N-00959-21,0,1,57.75770020533881,3,val,0,0,3,4422
C3N-00959,C3N-00959-22,C3N-00959-22,0,1,57.75770020533881,3,val,0,0,3,3433
C3N-00959,C3N-00959-26,C3N-00959-26,0,1,57.75770020533881,3,val,0,0,3,3618
C3N-00959,C3N-00959-27,C3N-00959-27,0,1,57.75770020533881,3,val,0,0,3,3570
C3L-02560,C3L-02560-21,C3L-02560-21,0,1,59.46611909650924,3,val,0,0,3,1651
C3L-02560,C3L-02560-22,C3L-02560-22,0,1,59.46611909650924,3,val,0,0,3,1684
C3L-02560,C3L-02560-26,C3L-02560-26,0,1,59.46611909650924,3,val,0,0,3,1875
C3L-02549,C3L-02549-21,C3L-02549-21,1,0,14.68583162217659,1,val,0,0,1,2336
C3L-02549,C3L-02549-22,C3L-02549-22,1,0,14.68583162217659,1,val,0,0,1,2244
C3L-02549,C3L-02549-26,C3L-02549-26,1,0,14.68583162217659,1,val,0,0,1,4577
C3N-03202,C3N-03202-21,C3N-03202-21,1,0,42.87474332648871,3,val,0,0,3,1662
C3N-03202,C3N-03202-22,C3N-03202-22,1,0,42.87474332648871,3,val,0,0,3,1689
C3N-03202,C3N-03202-23,C3N-03202-23,1,0,42.87474332648871,3,val,0,0,3,3677
C3N-02950,C3N-02950-21,C3N-02950-21,1,0,44.64887063655031,3,val,0,0,3,3620
C3N-02950,C3N-02950-22,C3N-02950-22,1,0,44.64887063655031,3,val,0,0,3,2228
C3N-02950,C3N-02950-26,C3N-02950-26,1,0,44.64887063655031,3,val,0,0,3,1317
C3N-00199,C3N-00199-21,C3N-00199-21,0,1,56.54209445585216,3,val,0,0,3,7866
C3N-00199,C3N-00199-22,C3N-00199-22,0,1,56.54209445585216,3,val,0,0,3,6897
C3N-00199,C3N-00199-23,C3N-00199-23,0,1,56.54209445585216,3,val,0,0,3,5729
C3N-00199,C3N-00199-26,C3N-00199-26,0,1,56.54209445585216,3,val,0,0,3,3083
C3N-00199,C3N-00199-27,C3N-00199-27,0,1,56.54209445585216,3,val,0,0,3,3043
C3N-02290,C3N-02290-22,C3N-02290-22,1,0,13.601642710472278,1,val,0,0,1,592
C3N-02290,C3N-02290-29,C3N-02290-29,1,0,13.601642710472278,1,val,0,0,1,3921
C3N-03054,C3N-03054-21,C3N-03054-21,1,0,10.414784394250512,0,val,0,0,0,1173
C3N-03054,C3N-03054-22,C3N-03054-22,1,0,10.414784394250512,0,val,0,0,0,884
C3N-03054,C3N-03054-23,C3N-03054-23,1,0,10.414784394250512,0,val,0,0,0,1625
C3N-01414,C3N-01414-21,C3N-01414-21,0,1,26.94045174537988,2,val,0,0,2,11018
C3N-01414,C3N-01414-22,C3N-01414-22,0,1,26.94045174537988,2,val,0,0,2,13511
C3N-01414,C3N-01414-23,C3N-01414-23,0,1,26.94045174537988,2,val,0,0,2,12503
C3N-01414,C3N-01414-24,C3N-01414-24,0,1,26.94045174537988,2,val,0,0,2,14435
C3N-01414,C3N-01414-26,C3N-01414-26,0,1,26.94045174537988,2,val,0,0,2,7809
C3N-01414,C3N-01414-27,C3N-01414-27,0,1,26.94045174537988,2,val,0,0,2,9111
C3L-03984,C3L-03984-21,C3L-03984-21,0,1,35.67967145790554,3,val,0,0,3,4463
C3L-03984,C3L-03984-22,C3L-03984-22,0,1,35.67967145790554,3,val,0,0,3,2023
C3L-03984,C3L-03984-23,C3L-03984-23,0,1,35.67967145790554,3,val,0,0,3,4885
C3L-03984,C3L-03984-24,C3L-03984-24,0,1,35.67967145790554,3,val,0,0,3,2535
C3L-03984,C3L-03984-25,C3L-03984-25,0,1,35.67967145790554,3,val,0,0,3,3792
C3L-03984,C3L-03984-26,C3L-03984-26,0,1,35.67967145790554,3,val,0,0,3,3014
C3L-03984,C3L-03984-27,C3L-03984-27,0,1,35.67967145790554,3,val,0,0,3,3756
C3L-03984,C3L-03984-28,C3L-03984-28,0,1,35.67967145790554,3,val,0,0,3,4516
C3L-02169,C3L-02169-21,C3L-02169-21,0,1,61.3388090349076,3,val,0,0,3,7155
C3L-02169,C3L-02169-22,C3L-02169-22,0,1,61.3388090349076,3,val,0,0,3,9294
C3L-02169,C3L-02169-23,C3L-02169-23,0,1,61.3388090349076,3,val,0,0,3,5890
C3L-02169,C3L-02169-24,C3L-02169-24,0,1,61.3388090349076,3,val,0,0,3,6130
C3L-02169,C3L-02169-25,C3L-02169-25,0,1,61.3388090349076,3,val,0,0,3,5740
C3L-02169,C3L-02169-26,C3L-02169-26,0,1,61.3388090349076,3,val,0,0,3,4955
C3N-02572,C3N-02572-21,C3N-02572-21,0,1,61.3388090349076,3,val,0,0,3,2104
C3N-02572,C3N-02572-22,C3N-02572-22,0,1,61.3388090349076,3,val,0,0,3,2006
C3N-02572,C3N-02572-23,C3N-02572-23,0,1,61.3388090349076,3,val,0,0,3,5304
C3N-02926,C3N-02926-21,C3N-02926-21,0,1,62.29158110882956,3,val,0,0,3,1415
C3N-02926,C3N-02926-22,C3N-02926-22,0,1,62.29158110882956,3,val,0,0,3,763
C3N-02926,C3N-02926-23,C3N-02926-23,0,1,62.29158110882956,3,val,0,0,3,1864
C3N-02764,C3N-02764-21,C3N-02764-21,0,1,59.40041067761807,3,val,0,0,3,2732
C3N-02764,C3N-02764-22,C3N-02764-22,0,1,59.40041067761807,3,val,0,0,3,2918
C3N-02764,C3N-02764-23,C3N-02764-23,0,1,59.40041067761807,3,val,0,0,3,1953
C3N-02758,C3N-02758-21,C3N-02758-21,1,0,38.4394250513347,3,val,0,0,3,1962
C3N-02758,C3N-02758-22,C3N-02758-22,1,0,38.4394250513347,3,val,0,0,3,2844
C3N-02758,C3N-02758-23,C3N-02758-23,1,0,38.4394250513347,3,val,0,0,3,4606
C3N-00180,C3N-00180-21,C3N-00180-21,1,0,11.663244353182751,1,val,0,0,1,14625
C3N-00180,C3N-00180-22,C3N-00180-22,1,0,11.663244353182751,1,val,0,0,1,10490
C3N-00180,C3N-00180-23,C3N-00180-23,1,0,11.663244353182751,1,val,0,0,1,11383
C3N-00180,C3N-00180-24,C3N-00180-24,1,0,11.663244353182751,1,val,0,0,1,11512
C3N-00180,C3N-00180-26,C3N-00180-26,1,0,11.663244353182751,1,val,0,0,1,8979
C3N-00180,C3N-00180-27,C3N-00180-27,1,0,11.663244353182751,1,val,0,0,1,8322
C3L-01682,C3L-01682-21,C3L-01682-21,0,1,59.1047227926078,3,val,0,0,3,1614
C3L-01682,C3L-01682-22,C3L-01682-22,0,1,59.1047227926078,3,val,0,0,3,1443
C3L-01682,C3L-01682-23,C3L-01682-23,0,1,59.1047227926078,3,val,0,0,3,803
C3L-01682,C3L-01682-24,C3L-01682-24,0,1,59.1047227926078,3,val,0,0,3,955
C3N-03080,C3N-03080-21,C3N-03080-21,1,0,27.82751540041068,2,val,0,0,2,3207
C3N-03080,C3N-03080-22,C3N-03080-22,1,0,27.82751540041068,2,val,0,0,2,3601
C3N-03080,C3N-03080-23,C3N-03080-23,1,0,27.82751540041068,2,val,0,0,2,3435
C3N-02423,C3N-02423-21,C3N-02423-21,0,1,58.809034907597535,3,test,-1,1,3,1498
C3N-02423,C3N-02423-22,C3N-02423-22,0,1,58.809034907597535,3,test,-1,1,3,1592
C3N-02423,C3N-02423-23,C3N-02423-23,0,1,58.809034907597535,3,test,-1,1,3,3099
C3N-02588,C3N-02588-21,C3N-02588-21,1,0,39.06365503080082,3,test,-1,1,3,2959
C3N-02588,C3N-02588-22,C3N-02588-22,1,0,39.06365503080082,3,test,-1,1,3,3654
C3N-02588,C3N-02588-23,C3N-02588-23,1,0,39.06365503080082,3,test,-1,1,3,7567
C3L-00080,C3L-00080-21,C3L-00080-21,0,1,59.30184804928132,3,test,-1,1,3,2815
C3L-00080,C3L-00080-26,C3L-00080-26,0,1,59.30184804928132,3,test,-1,1,3,5844
C3N-02973,C3N-02973-21,C3N-02973-21,0,1,62.94866529774127,3,test,-1,1,3,4057
C3N-02973,C3N-02973-22,C3N-02973-22,0,1,62.94866529774127,3,test,-1,1,3,3481
C3N-02973,C3N-02973-23,C3N-02973-23,0,1,62.94866529774127,3,test,-1,1,3,3213
C3N-02973,C3N-02973-26,C3N-02973-26,0,1,62.94866529774127,3,test,-1,1,3,3309
C3N-02973,C3N-02973-27,C3N-02973-27,0,1,62.94866529774127,3,test,-1,1,3,4682
C3N-02729,C3N-02729-21,C3N-02729-21,1,0,26.94045174537988,2,test,-1,1,2,5211
C3N-02729,C3N-02729-22,C3N-02729-22,1,0,26.94045174537988,2,test,-1,1,2,5120
C3N-02729,C3N-02729-23,C3N-02729-23,1,0,26.94045174537988,2,test,-1,1,2,6946
C3L-02961,C3L-02961-21,C3L-02961-21,0,1,59.13757700205339,3,test,-1,1,3,1061
C3L-02961,C3L-02961-26,C3L-02961-26,0,1,59.13757700205339,3,test,-1,1,3,1104
C3N-00578,C3N-00578-21,C3N-00578-21,1,0,0.7885010266940452,0,test,-1,1,0,11917
C3N-00578,C3N-00578-22,C3N-00578-22,1,0,0.7885010266940452,0,test,-1,1,0,8661
C3N-00578,C3N-00578-23,C3N-00578-23,1,0,0.7885010266940452,0,test,-1,1,0,12593
C3N-00578,C3N-00578-24,C3N-00578-24,1,0,0.7885010266940452,0,test,-1,1,0,9949
C3N-00578,C3N-00578-26,C3N-00578-26,1,0,0.7885010266940452,0,test,-1,1,0,12633
C3N-00578,C3N-00578-27,C3N-00578-27,1,0,0.7885010266940452,0,test,-1,1,0,7624
C3L-01632,C3L-01632-21,C3L-01632-21,1,0,23.5564681724846,2,test,-1,1,2,3444
C3L-01632,C3L-01632-22,C3L-01632-22,1,0,23.5564681724846,2,test,-1,1,2,4345
C3L-01632,C3L-01632-23,C3L-01632-23,1,0,23.5564681724846,2,test,-1,1,2,2043
C3L-01632,C3L-01632-26,C3L-01632-26,1,0,23.5564681724846,2,test,-1,1,2,1808
C3L-00094,C3L-00094-21,C3L-00094-21,1,0,29.20739219712526,2,test,-1,1,2,2213
C3L-00094,C3L-00094-26,C3L-00094-26,1,0,29.20739219712526,2,test,-1,1,2,5535
C3N-01415,C3N-01415-21,C3N-01415-21,0,1,26.020533880903493,2,test,-1,1,2,14377
C3N-01415,C3N-01415-22,C3N-01415-22,0,1,26.020533880903493,2,test,-1,1,2,10898
C3N-01415,C3N-01415-23,C3N-01415-23,0,1,26.020533880903493,2,test,-1,1,2,11125
C3N-01415,C3N-01415-24,C3N-01415-24,0,1,26.020533880903493,2,test,-1,1,2,12149
C3N-01415,C3N-01415-26,C3N-01415-26,0,1,26.020533880903493,2,test,-1,1,2,8911
C3N-01415,C3N-01415-27,C3N-01415-27,0,1,26.020533880903493,2,test,-1,1,2,13623
C3N-01799,C3N-01799-26,C3N-01799-26,0,1,50.75975359342915,3,test,-1,1,3,1884
C3N-01799,C3N-01799-27,C3N-01799-27,0,1,50.75975359342915,3,test,-1,1,3,3784
C3L-03976,C3L-03976-21,C3L-03976-21,1,0,9.88911704312115,0,test,-1,1,0,4692
C3L-03976,C3L-03976-22,C3L-03976-22,1,0,9.88911704312115,0,test,-1,1,0,7428
C3L-03976,C3L-03976-23,C3L-03976-23,1,0,9.88911704312115,0,test,-1,1,0,8420
C3L-03976,C3L-03976-24,C3L-03976-24,1,0,9.88911704312115,0,test,-1,1,0,11306
C3L-03976,C3L-03976-25,C3L-03976-25,1,0,9.88911704312115,0,test,-1,1,0,7239
C3L-03976,C3L-03976-26,C3L-03976-26,1,0,9.88911704312115,0,test,-1,1,0,10172
C3L-03976,C3L-03976-27,C3L-03976-27,1,0,9.88911704312115,0,test,-1,1,0,8902
C3L-03976,C3L-03976-28,C3L-03976-28,1,0,9.88911704312115,0,test,-1,1,0,7679
C3L-00263,C3L-00263-21,C3L-00263-21,0,1,38.012320328542096,3,test,-1,1,3,3190
C3L-00263,C3L-00263-22,C3L-00263-22,0,1,38.012320328542096,3,test,-1,1,3,1416
C3L-00263,C3L-00263-23,C3L-00263-23,0,1,38.012320328542096,3,test,-1,1,3,3787
C3L-00263,C3L-00263-24,C3L-00263-24,0,1,38.012320328542096,3,test,-1,1,3,3101
C3L-00263,C3L-00263-25,C3L-00263-25,0,1,38.012320328542096,3,test,-1,1,3,1984
C3L-00263,C3L-00263-26,C3L-00263-26,0,1,38.012320328542096,3,test,-1,1,3,1714
C3L-00263,C3L-00263-27,C3L-00263-27,0,1,38.012320328542096,3,test,-1,1,3,554
C3L-02508,C3L-02508-22,C3L-02508-22,0,1,33.28131416837782,2,test,-1,1,2,2063
C3L-02508,C3L-02508-23,C3L-02508-23,0,1,33.28131416837782,2,test,-1,1,2,1127
C3L-02508,C3L-02508-24,C3L-02508-24,0,1,33.28131416837782,2,test,-1,1,2,1975
C3L-02508,C3L-02508-25,C3L-02508-25,0,1,33.28131416837782,2,test,-1,1,2,1444
C3L-02508,C3L-02508-26,C3L-02508-26,0,1,33.28131416837782,2,test,-1,1,2,1080
C3N-03063,C3N-03063-21,C3N-03063-21,1,0,25.724845995893222,2,test,-1,1,2,1593
C3N-03063,C3N-03063-22,C3N-03063-22,1,0,25.724845995893222,2,test,-1,1,2,2522
C3N-03063,C3N-03063-23,C3N-03063-23,1,0,25.724845995893222,2,test,-1,1,2,3635
C3N-02757,C3N-02757-21,C3N-02757-21,1,0,38.6694045174538,3,test,-1,1,3,2873
C3N-02757,C3N-02757-22,C3N-02757-22,1,0,38.6694045174538,3,test,-1,1,3,2548
C3N-02757,C3N-02757-23,C3N-02757-23,1,0,38.6694045174538,3,test,-1,1,3,6517
C3L-04037,C3L-04037-21,C3L-04037-21,1,0,8.24640657084189,0,test,-1,1,0,4064
C3L-04037,C3L-04037-22,C3L-04037-22,1,0,8.24640657084189,0,test,-1,1,0,3139
C3L-04037,C3L-04037-23,C3L-04037-23,1,0,8.24640657084189,0,test,-1,1,0,3204
C3L-04037,C3L-04037-24,C3L-04037-24,1,0,8.24640657084189,0,test,-1,1,0,1937
C3L-04037,C3L-04037-25,C3L-04037-25,1,0,8.24640657084189,0,test,-1,1,0,3453
C3L-04037,C3L-04037-26,C3L-04037-26,1,0,8.24640657084189,0,test,-1,1,0,3107
C3L-04037,C3L-04037-27,C3L-04037-27,1,0,8.24640657084189,0,test,-1,1,0,5952
C3L-04037,C3L-04037-28,C3L-04037-28,1,0,8.24640657084189,0,test,-1,1,0,10932
C3L-00444,C3L-00444-21,C3L-00444-21,0,1,63.04722792607802,3,test,-1,1,3,20478
C3L-00444,C3L-00444-22,C3L-00444-22,0,1,63.04722792607802,3,test,-1,1,3,17083
C3L-00444,C3L-00444-23,C3L-00444-23,0,1,63.04722792607802,3,test,-1,1,3,13378
C3L-00444,C3L-00444-26,C3L-00444-26,0,1,63.04722792607802,3,test,-1,1,3,8071
C3L-00444,C3L-00444-27,C3L-00444-27,0,1,63.04722792607802,3,test,-1,1,3,6818
C3L-00444,C3L-00444-28,C3L-00444-28,0,1,63.04722792607802,3,test,-1,1,3,11577
C3N-02433,C3N-02433-21,C3N-02433-21,1,0,40.24640657084189,3,test,-1,1,3,1452
C3N-02433,C3N-02433-22,C3N-02433-22,1,0,40.24640657084189,3,test,-1,1,3,2382
C3N-02433,C3N-02433-23,C3N-02433-23,1,0,40.24640657084189,3,test,-1,1,3,4331
C3N-02000,C3N-02000-21,C3N-02000-21,0,1,55.95071868583162,3,test,-1,1,3,3459
C3N-02000,C3N-02000-22,C3N-02000-22,0,1,55.95071868583162,3,test,-1,1,3,15396
C3N-02000,C3N-02000-23,C3N-02000-23,0,1,55.95071868583162,3,test,-1,1,3,4497
C3N-03073,C3N-03073-21,C3N-03073-21,1,0,47.27720739219713,3,test,-1,1,3,3343
C3N-03073,C3N-03073-22,C3N-03073-22,1,0,47.27720739219713,3,test,-1,1,3,2234
C3N-03073,C3N-03073-23,C3N-03073-23,1,0,47.27720739219713,3,test,-1,1,3,2543
C3N-03057,C3N-03057-21,C3N-03057-21,0,1,56.70636550308008,3,test,-1,1,3,455
C3N-03057,C3N-03057-22,C3N-03057-22,0,1,56.70636550308008,3,test,-1,1,3,1096
C3N-03057,C3N-03057-23,C3N-03057-23,0,1,56.70636550308008,3,test,-1,1,3,1321
C3L-00140,C3L-00140-21,C3L-00140-21,0,1,59.20328542094456,3,test,-1,1,3,2195
C3L-00140,C3L-00140-22,C3L-00140-22,0,1,59.20328542094456,3,test,-1,1,3,2351
C3L-00140,C3L-00140-26,C3L-00140-26,0,1,59.20328542094456,3,test,-1,1,3,5633
