wsi_id,label,len_img,fold
01CO001-760f15d2-444c-4deb-b133-62f3ca,0,4,1
01CO008-8cc7e656-0152-4359-8566-0581c3,0,5,1
01CO008-dd3d1ffd-139e-42b4-b09a-591802,0,5,1
01CO008-9452572f-e3ec-4063-a82e-43ac90,0,6,1
01CO013-08071b2d-89b8-4e5a-8ee7-11719b,0,5,1
01CO013-c7aeb685-31b3-445e-8177-a3e729,0,3,1
01CO013-7fa5c56a-2345-4a8c-b60b-36bddc,0,3,1
05CO002-159c49fd-40ff-4616-b6b6-be21a6,0,3,1
05CO002-7e32b2a3-29af-49f3-90d3-d56590,0,4,1
05CO005-50f754a6-119b-4624-a6dc-763283,0,4,1
05CO005-21880d70-69eb-4f09-bea9-8de3e6,0,4,1
05CO005-a23ef085-a2a1-4ffc-9d1a-56c0f0,0,4,1
05CO011-8495cc54-eb88-40ab-b03f-363edf,0,7,1
05CO011-e2eb3672-3727-4c54-adfc-3ab198,0,8,1
05CO011-c1b66358-d103-493c-b8ec-92c43b,0,7,1
05CO014-6968a80f-fd06-4669-b4bd-9a5cb5,0,7,1
05CO014-124cee7c-1854-47d9-b803-fb3f49,0,4,1
05CO014-9bba0a92-9eb5-42ba-8c0f-865141,0,6,1
05CO020-803736b3-9ca9-4f9f-bdfe-8783e3,0,3,1
05CO026-b2615b47-5ac2-4775-9205-50990d,0,3,1
05CO026-2606ea3f-cf02-4b20-8c88-4e7168,0,3,1
05CO026-41ee934e-f7a3-4ef5-8a83-e2ac56,0,1,1
05CO034-42216d99-e8ff-43c9-b6db-28c3a6,0,3,1
05CO034-2815cb64-9b6e-49fc-bad2-7837f0,0,2,1
05CO035-dfdf03a6-c324-4d8c-a909-ea7345,0,6,1
05CO035-1312a0e0-5025-433e-9670-0595bb,0,5,1
05CO035-0f6ef7cd-ecc2-410d-b838-9430fc,0,7,1
05CO047-506131e8-6460-472f-9e25-71f8b1,0,5,1
05CO047-01bf1906-9bdc-41c3-89a0-b89ef6,0,5,1
05CO047-f6173181-0993-4a5f-a4cd-5f30b1,0,6,1
05CO053-66b829db-1cdd-460d-b2f3-0e9ca9,0,3,1
05CO053-c40de11e-c220-4f04-9ba1-083786,0,2,1
05CO055-ccaab7e8-e841-4397-80aa-370b58,0,5,1
06CO001-23252883-0253-41f0-85c5-f8b43e,0,4,1
06CO001-87408d9e-4029-4e8f-b14c-8efc04,0,9,1
06CO002-da69a576-c1e8-4051-86dd-df6b7f,0,3,1
06CO002-4b263734-430f-41dc-a296-8691f0,0,2,1
09CO005-c41e39fe-c26c-4421-ac9f-8a536a,0,3,1
09CO005-ec9afcc4-ccf7-4226-b0e8-d6897d,0,3,1
09CO005-f37310af-e89b-4114-a95e-a1616f,0,2,1
09CO006-46f8ee83-175d-4f90-a596-de67ac,0,2,1
09CO006-c2c53076-b5db-4b7d-983c-a35740,0,3,1
09CO006-dfffd5bb-b7c7-4918-ab28-fd3167,0,2,1
09CO008-dbb83659-09df-4024-81ef-ad6ac7,0,5,1
09CO008-aa0f5b40-3290-4255-8f4d-f45d4e,0,8,1
09CO011-1425a1a1-c835-47a2-a9b9-4db5d0,0,9,1
09CO013-dffcac99-9eac-4717-aeb6-f4a2e7,0,7,1
09CO014-1ea1d7ee-e382-4a68-8e7c-74e833,0,7,1
09CO014-31e0ccb0-2756-4d35-b89c-e2dec4,0,11,1
09CO014-8b9e4266-7754-4f2c-ac9e-329905,0,12,1
09CO015-1ab06c24-ffc0-4323-a0cc-e9f5c5,0,8,1
09CO015-d068de5f-8394-46bc-b03a-c6dc9c,0,6,1
09CO015-7fd01ffe-59ae-46b2-a458-41e9d4,0,9,1
09CO018-743c74e4-cd76-4f38-8cb4-3c9107,0,6,1
09CO018-372c900a-fced-4eef-9dc4-7282ec,0,5,1
09CO019-b913f361-c5c2-4e49-91ca-719bd8,0,5,1
09CO019-981d8993-e8aa-4f87-ae32-283ad3,0,7,1
09CO019-79097be1-cd36-4a23-99d1-3d744f,0,8,1
09CO022-2ffe77b8-5e6b-42b3-9f02-4c6a20,0,5,1
09CO022-f69deaeb-6b6f-4c61-8900-fd0f26,0,5,1
09CO022-c89c1638-e666-45fb-aa0d-b35d8d,0,5,1
11CO005-eaa1aff9-f90d-4351-8993-feb76b,0,17,1
11CO005-bc574f73-89ba-44d7-992e-82622c,0,23,1
11CO008-de439530-464e-481b-91ab-0685b9,0,12,1
11CO008-98742d96-cc2f-43f0-9de2-bc7afe,0,11,1
11CO010-ae11951c-a14f-4dea-8b82-35aec6,0,15,1
11CO010-0f757044-9bc8-4ed4-90f3-e0a49a,0,16,1
11CO019-722378ea-d1a7-4cfc-aca5-ba45f9,0,8,1
11CO027-5da00abd-5fa7-4deb-95f1-7982e0,0,13,1
11CO027-1435c3d6-a697-422f-9a8b-2cceef,0,11,1
11CO030-ab01157f-21d9-491d-8cad-167f21,0,5,1
11CO030-4cdeecb5-19fb-493c-91f5-eb0efc,0,5,1
11CO039-e295a7d1-a0d0-4b0b-bdc2-729a0d,0,10,1
11CO039-d6584b4a-ca99-4a2a-8b4e-c8b22e,0,16,1
11CO042-2167c594-c33f-4795-b95b-69bd07,0,10,1
11CO043-90cfa6ba-f874-48b5-9cd0-f65426,0,8,1
11CO043-591fb460-703a-437d-8d9a-ff2a35,0,8,1
11CO044-b605fafc-f7dd-44cc-9c86-da04e3,0,13,1
11CO044-7e3d5ae0-3dcc-4207-8dd2-59ab4b,0,12,1
11CO045-d097d43a-af93-4c15-8c16-eb8d7e,0,13,1
11CO045-f4bccfe4-98d0-466b-a6d7-44341b,0,9,1
11CO048-cfb4831f-e9ee-4e11-80fb-958f6f,0,8,1
11CO048-43e0432b-343d-4e12-817f-21281c,0,9,1
11CO052-0630ecb0-b664-4e75-bb3c-fb62ee,0,12,1
11CO052-b97ac2ac-804d-4a14-966b-21b10d,0,10,1
11CO054-f6a7f764-2495-4a1d-89a2-e12f51,0,13,1
11CO054-9bf309bc-0fb6-4060-aba2-888eb3,0,14,1
11CO058-d3078fa8-0692-411f-8441-0c7c48,0,10,1
11CO060-fe4b3b1c-9f7f-4109-8a76-ca1d6f,0,12,1
11CO060-be619b8a-e19c-4bad-9530-5cd380,0,10,1
11CO062-e8faa3a7-9fc7-428e-9334-a0afd0,0,13,1
11CO072-0f238226-864c-4de0-8c61-01e729,0,14,1
11CO072-64b606d7-d40f-41ae-b220-a66324,0,14,1
11CO079-77c493b1-34ba-4efc-8def-987116,0,11,1
11CO079-f6afe41c-111d-4818-8485-fe95e0,0,5,1
14CO005-ec35366b-9add-42c6-8e02-b467e2,0,6,1
14CO005-db3f5ad9-d14d-4126-a3e7-d80faa,0,6,1
15CO002-74f7759a-279c-4098-b080-358900,0,6,1
15CO002-c65afd57-530c-4366-b2c8-463a46,0,9,1
16CO002-820a3f08-5bb1-44b3-a133-ee167e,0,10,1
16CO002-6f5853a3-1d47-4a54-94dc-970c1c,0,11,1
16CO002-491b5c1f-745b-43ed-b5b8-73ae8c,0,10,1
16CO006-d90e784a-b818-4aeb-ad47-6d3419,0,9,1
16CO006-d7a1d7b7-a6a1-4cc8-b6a2-343515,0,10,1
16CO006-97423edb-6f19-4b41-a7cb-af1635,0,8,1
16CO006-4bb08fad-fa5e-471e-978b-6b09ab,0,8,1
16CO011-c5e9fc3f-27a8-4b53-8591-6b648a,0,11,1
16CO011-a90eb718-6a8f-4cbf-89c1-f9e9bd,0,11,1
16CO011-7782134d-02db-44ee-adfa-fc1372,0,15,1
16CO012-6a9a1d66-d666-44df-a68e-ddc58d,0,7,1
16CO012-ca6d1f65-9ff2-4b02-828d-4dee4a,0,7,1
20CO001-b2400046-1d25-429d-a821-6040a6,0,4,1
20CO001-d8345fa1-f692-4025-bc82-bfaec6,0,5,1
20CO004-e196a0b4-2a05-43de-bb30-ceb761,0,5,1
20CO004-e6381203-174e-47d4-a400-a50631,0,4,1
20CO007-0065bfd9-e1b9-43a8-9379-9658ba,0,3,1
21CO007-a467b905-fc0b-427b-8753-6d38dd,0,4,1
21CO007-e98cdedc-c426-44c1-84b0-dcaf52,0,3,1
22CO004-a2f03d85-5f1a-4b3e-9dbf-74e67e,0,3,1
22CO004-03b36559-7cf4-4c07-bd5c-8eaeab,0,2,1
27CO004-6cf8ca7a-35ff-4227-a084-623349,0,10,1
27CO004-d0511ea6-43c3-4c61-b08e-cf49b7,0,6,1
01CO014-a8b2aca2-6450-46b4-be95-f4ead8,1,4,1
01CO014-be2d5946-3452-4003-880a-e0372e,1,3,1
01CO014-c9730cb4-b52c-4ca8-9652-4509d0,1,4,1
01CO022-eb519615-41c6-403e-bc8e-e7622c,1,6,1
01CO022-7a0266b4-b07c-41dc-8ddd-350e1b,1,6,1
01CO022-927faf80-de47-424f-966d-eb0cc4,1,5,1
01CO022-525b8739-5c19-4ea1-986e-792581,1,9,1
01CO022-b4e91300-405e-4239-b8da-5e1a42,1,9,1
05CO003-7cc7f69f-99f5-4b23-a9e0-ba0dc8,1,3,1
05CO006-37219a7c-6fe2-4684-a494-d0be08,1,3,1
05CO006-a8955d38-7a72-4f9d-9c70-5c0f08,1,8,1
05CO006-caf7d236-16ed-40c7-a1e1-ca01ad,1,3,1
05CO007-9899e1ad-62e1-4cc2-91fc-49b85c,1,3,1
05CO015-4d32d48d-90f8-4aa9-a70d-93fbc1,1,5,1
05CO015-416bb805-e4cd-4ca6-8fdd-1eec2d,1,2,1
05CO015-0aef1fe8-ca61-4113-81d0-d82ee7,1,5,1
05CO032-7075cf34-0429-47d1-b7de-922165,1,2,1
05CO032-695b0b00-a86b-43c0-a6c8-50a840,1,2,1
05CO039-66b57abc-0d49-46bb-a390-0e11a9,1,4,1
05CO039-278e5a61-9d85-4b78-ac5d-e89ff6,1,5,1
05CO039-c952715e-35ca-4e18-ad6f-dd4e39,1,4,1
05CO044-8af80ae9-2088-4124-91fb-8d6c17,1,4,1
05CO048-4976cbf9-cad4-48ce-b234-622c70,1,7,1
05CO048-92f7419c-c57a-4b50-bdc9-4d09ca,1,6,1
11CO018-3d797911-d476-436f-9cce-33e20c,1,25,1
11CO051-f6b1079b-9d67-4c63-b3d0-d562b5,1,9,1
11CO051-f2a13f8d-b129-4567-beae-049b15,1,9,1
11CO059-d4afb9cf-2f90-44b9-bd60-d03069,1,11,1
11CO061-8c73f3a5-fea8-4942-90c0-966f66,1,12,1
14CO003-fd4edc52-09ef-4b01-be7c-f23f05,1,4,1
14CO003-ea6df59d-5240-4927-b19d-d44590,1,4,1
14CO003-fca55a75-883a-40fe-859d-fbc72e,1,3,1
20CO003-87802c46-f41e-4baf-9d30-a6330c,1,3,1
20CO003-2d266d2d-4bb3-436c-a3e7-06acb2,1,4,1
11CO053-092c5a37-325b-4181-b230-2d8fff,0,9,0
11CO053-ecf1ca92-c8b7-470f-baf4-81cf73,0,12,0
15CO001-cd89ffbb-574a-4052-bd9a-00c890,0,12,0
15CO001-c2db7236-990c-42b6-9ffb-2ad150,0,7,0
05CO028-b33d1f76-2405-4ae3-ba20-37fc71,0,2,0
05CO028-e0068ac5-f557-443a-bd4b-bdfcef,0,3,0
01CO019-573048dd-2502-40e0-8e8c-c41bb8,0,6,0
01CO019-b734774e-f790-46ad-9064-fe1d59,0,9,0
11CO077-5557e478-3e6f-475b-8acc-1b4159,0,6,0
11CO077-dbec2531-96e2-4ba5-bde0-b6ba5a,0,8,0
11CO032-01d1ffca-4235-4dfe-bf62-56f71d,0,6,0
11CO032-615a007c-8d19-4e95-b246-43f9a0,0,7,0
05CO045-92c1ebb5-ac1d-4bf5-a14f-516e1d,0,5,0
11CO020-52d61ab1-5781-4b47-8e88-37c2ea,0,11,0
11CO020-321fb3b2-ebb6-4ea5-b737-081264,0,10,0
05CO033-2f8b02e4-1848-4abc-a95e-dd9eb5,0,2,0
05CO033-a4ae882e-5378-4acb-bd16-ddd4e8,0,2,0
05CO054-e57f0b7a-b96c-4ee5-838a-80f338,0,4,0
05CO054-43192517-085e-450e-9481-0a6713,0,4,0
11CO047-cd6a4013-2958-44b9-a4f1-45c9e4,0,15,0
11CO047-3ca0ab23-70ae-4083-bd7d-9f71d8,0,16,0
05CO029-fab6245c-89d9-469f-bf59-5ac2b9,0,7,0
05CO029-58a92726-4d1f-4e44-8938-52b97d,0,5,0
05CO029-b80b976c-8496-4604-8f16-2ec2fa,0,2,0
05CO050-b1cc5c9c-4bd6-44ef-9ae0-f91e78,1,8,0
05CO050-17cd2121-d347-431c-9cc7-fbab14,1,5,0
05CO050-5271982c-5de1-4d6e-b414-b1f3ef,1,4,0
11CO033-8960a27e-69d8-4ec8-a795-c6cf8a,1,10,0
11CO033-9c034adf-d6be-4525-84c3-552d3c,1,17,0
22CO006-e1cd3d70-132b-452f-ba10-026721,1,7,0
22CO006-4d86cf19-8d5b-46b5-ab4c-ace0b2,1,5,0
11CO036-2739ad00-dcb2-4485-ac9b-b77851,1,14,0
11CO036-21cab01c-e968-42cc-9651-1e53c0,1,17,0
24CO005-b75e68fd-cfa1-4e9e-b4c1-a57ad8,0,6,-1
11CO057-e515eb5c-8005-416a-9b42-59de9d,0,14,-1
01CO015-b873f54a-5a86-4dca-90f9-715820,0,9,-1
01CO015-6e20c8e9-ab75-4996-9296-445b00,0,5,-1
01CO015-34c25790-b5bf-4dff-9e40-dea366,0,7,-1
01CO005-59891744-2db3-4541-a86a-7f911f,0,7,-1
01CO005-900134d7-7100-4189-aa08-f3b009,0,5,-1
01CO005-05a33362-82bb-48ac-8feb-ad2ea1,0,4,-1
11CO037-1563ef63-d2e6-406f-adc1-255949,0,10,-1
11CO022-2b810478-7956-4a8b-870d-184859,0,11,-1
11CO022-21c6f56a-8881-421b-81fa-c354cb,0,10,-1
05CO049-d7608884-a0d6-4e9e-aac7-6cd813,0,4,-1
05CO049-56b6be96-9ee4-45ce-8e68-f448f4,0,4,-1
11CO021-cf795cd2-317b-4897-a35e-390001,0,10,-1
11CO021-642fc6c3-8d4a-4e3d-ad0a-cc088a,0,7,-1
21CO006-5f823547-ee16-45b7-a6a0-ef25d6,0,4,-1
16CO003-47b9deba-dea0-4e0c-8b0a-4864c3,0,8,-1
16CO003-526c3664-5b9b-4a2b-a00e-a14623,0,12,-1
01CO006-f9d6fb1b-988e-4d28-9272-cc672f,0,7,-1
14CO002-9efa91b4-1ad3-4758-83f9-c2fc25,0,5,-1
14CO002-7884aa97-6fc9-4b94-a6d3-c96edb,0,4,-1
14CO002-5a85e6e7-35ab-4ca9-ab62-707e77,0,4,-1
11CO007-c7c71492-d281-4cc3-bab2-d7c0aa,1,13,-1
11CO007-799893aa-d523-4a08-9ea7-611cca,1,17,-1
11CO031-255fbb3b-890c-458b-afe9-217a5d,1,13,-1
11CO031-c6ae57a7-65a0-438e-bae2-97b1c8,1,12,-1
05CO041-fbe48b23-a4e7-4cb2-9767-9473ac,1,4,-1
05CO041-b4dd4a04-5eda-43dd-8298-215b07,1,6,-1
05CO041-ce47b803-bd11-473f-b4a2-f99643,1,3,-1
05CO037-e2e83b72-b14b-4b06-9461-1115d6,1,5,-1
05CO037-5a007558-764c-463b-a788-fdbccb,1,4,-1
05CO037-f7c447bb-def9-4962-83d0-00c663,1,4,-1
