wsi_id,label,fold,is_test
BRACS_280,2,1,0
BRACS_281,2,1,0
BRACS_283,2,1,0
BRACS_288,2,1,0
BRACS_291,2,1,0
BRACS_295,2,1,0
BRACS_297,2,1,0
BRACS_298,2,1,0
BRACS_311,2,1,0
BRACS_734,2,1,0
BRACS_743,1,1,0
BRACS_745,0,1,0
BRACS_747,2,1,0
BRACS_748,2,1,0
BRACS_749,2,1,0
BRACS_750,2,1,0
BRACS_752,2,1,0
BRACS_753,2,1,0
BRACS_754,2,1,0
BRACS_755,2,1,0
BRACS_756,2,1,0
BRACS_757,2,1,0
BRACS_758,0,1,0
BRACS_759,2,1,0
BRACS_760,0,1,0
BRACS_761,0,1,0
BRACS_762,2,1,0
BRACS_773,2,1,0
BRACS_1231,2,1,0
BRACS_1232,2,1,0
BRACS_1233,2,1,0
BRACS_1235,2,1,0
BRACS_1238,2,1,0
BRACS_1239,1,1,0
BRACS_1240,0,1,0
BRACS_1241,0,1,0
BRACS_1242,0,1,0
BRACS_1244,0,1,0
BRACS_1247,2,1,0
BRACS_1248,0,1,0
BRACS_1249,0,1,0
BRACS_1250,1,1,0
BRACS_1251,0,1,0
BRACS_1253,0,1,0
BRACS_1255,0,1,0
BRACS_1257,1,1,0
BRACS_1259,0,1,0
BRACS_1263,2,1,0
BRACS_1265,2,1,0
BRACS_1267,0,1,0
BRACS_1269,0,1,0
BRACS_1270,0,1,0
BRACS_1272,2,1,0
BRACS_1273,0,1,0
BRACS_1274,0,1,0
BRACS_1277,2,1,0
BRACS_1279,2,1,0
BRACS_1287,2,1,0
BRACS_1288,2,1,0
BRACS_1289,2,1,0
BRACS_1292,2,1,0
BRACS_1293,2,1,0
BRACS_1318,0,1,0
BRACS_1319,1,1,0
BRACS_1320,0,1,0
BRACS_1321,0,1,0
BRACS_1322,0,1,0
BRACS_1324,0,1,0
BRACS_1325,0,1,0
BRACS_1326,0,1,0
BRACS_1327,0,1,0
BRACS_1329,0,1,0
BRACS_1335,0,1,0
BRACS_1336,0,1,0
BRACS_1337,0,1,0
BRACS_1338,0,1,0
BRACS_1356,2,1,0
BRACS_1357,2,1,0
BRACS_1358,2,1,0
BRACS_1360,2,1,0
BRACS_1369,2,1,0
BRACS_1370,0,1,0
BRACS_1374,2,1,0
BRACS_1378,0,1,0
BRACS_1379,1,1,0
BRACS_1385,0,1,0
BRACS_1386,0,1,0
BRACS_1401,0,1,0
BRACS_1403,0,1,0
BRACS_1405,0,1,0
BRACS_1406,2,1,0
BRACS_1407,2,1,0
BRACS_1408,0,1,0
BRACS_1409,0,1,0
BRACS_1477,2,1,0
BRACS_1478,2,1,0
BRACS_1480,0,1,0
BRACS_1483,0,1,0
BRACS_1484,2,1,0
BRACS_1485,0,1,0
BRACS_1486,1,1,0
BRACS_1487,2,1,0
BRACS_1489,2,1,0
BRACS_1490,2,1,0
BRACS_1491,2,1,0
BRACS_1492,2,1,0
BRACS_1493,0,1,0
BRACS_1494,1,1,0
BRACS_1495,0,1,0
BRACS_1496,2,1,0
BRACS_1497,2,1,0
BRACS_1498,0,1,0
BRACS_1499,1,1,0
BRACS_1506,1,1,0
BRACS_1507,0,1,0
BRACS_1508,0,1,0
BRACS_1509,2,1,0
BRACS_1510,1,1,0
BRACS_1511,0,1,0
BRACS_1512,2,1,0
BRACS_1513,0,1,0
BRACS_1514,2,1,0
BRACS_1515,2,1,0
BRACS_1516,2,1,0
BRACS_1581,0,1,0
BRACS_1582,0,1,0
BRACS_1583,0,1,0
BRACS_1594,0,1,0
BRACS_1596,0,1,0
BRACS_1603,0,1,0
BRACS_1604,0,1,0
BRACS_1605,0,1,0
BRACS_1606,0,1,0
BRACS_1612,0,1,0
BRACS_1616,1,1,0
BRACS_1617,0,1,0
BRACS_1618,0,1,0
BRACS_1620,0,1,0
BRACS_1621,0,1,0
BRACS_1622,1,1,0
BRACS_1631,0,1,0
BRACS_1633,0,1,0
BRACS_1634,0,1,0
BRACS_1635,2,1,0
BRACS_1636,2,1,0
BRACS_1637,2,1,0
BRACS_1638,2,1,0
BRACS_1639,2,1,0
BRACS_1640,0,1,0
BRACS_1641,0,1,0
BRACS_1642,0,1,0
BRACS_1643,2,1,0
BRACS_1645,0,1,0
BRACS_1646,2,1,0
BRACS_1647,2,1,0
BRACS_1648,2,1,0
BRACS_1649,2,1,0
BRACS_1650,2,1,0
BRACS_1652,2,1,0
BRACS_1653,2,1,0
BRACS_1654,2,1,0
BRACS_1655,0,1,0
BRACS_1656,0,1,0
BRACS_1658,0,1,0
BRACS_1659,0,1,0
BRACS_1660,0,1,0
BRACS_1661,0,1,0
BRACS_1664,0,1,0
BRACS_1665,0,1,0
BRACS_1666,0,1,0
BRACS_1667,0,1,0
BRACS_1668,0,1,0
BRACS_1669,0,1,0
BRACS_1771,2,1,0
BRACS_1772,0,1,0
BRACS_1773,1,1,0
BRACS_1774,1,1,0
BRACS_1775,1,1,0
BRACS_1777,1,1,0
BRACS_1778,1,1,0
BRACS_1779,0,1,0
BRACS_1780,0,1,0
BRACS_1782,0,1,0
BRACS_1783,0,1,0
BRACS_1784,0,1,0
BRACS_1785,0,1,0
BRACS_1786,0,1,0
BRACS_1787,0,1,0
BRACS_1788,1,1,0
BRACS_1789,0,1,0
BRACS_1791,0,1,0
BRACS_1792,0,1,0
BRACS_1793,0,1,0
BRACS_1794,1,1,0
BRACS_1795,1,1,0
BRACS_1796,0,1,0
BRACS_1808,1,1,0
BRACS_1810,2,1,0
BRACS_1811,2,1,0
BRACS_1812,2,1,0
BRACS_1815,1,1,0
BRACS_1816,2,1,0
BRACS_1827,2,1,0
BRACS_1828,2,1,0
BRACS_1829,2,1,0
BRACS_1830,2,1,0
BRACS_1831,2,1,0
BRACS_1832,0,1,0
BRACS_1833,0,1,0
BRACS_1834,0,1,0
BRACS_1835,2,1,0
BRACS_1836,0,1,0
BRACS_1837,0,1,0
BRACS_1838,1,1,0
BRACS_1839,0,1,0
BRACS_1840,2,1,0
BRACS_1841,0,1,0
BRACS_1857,1,1,0
BRACS_1858,1,1,0
BRACS_1860,1,1,0
BRACS_1861,1,1,0
BRACS_1862,2,1,0
BRACS_1863,1,1,0
BRACS_1864,2,1,0
BRACS_1865,1,1,0
BRACS_1866,0,1,0
BRACS_1869,0,1,0
BRACS_1871,1,1,0
BRACS_1873,0,1,0
BRACS_1874,2,1,0
BRACS_1875,2,1,0
BRACS_1877,1,1,0
BRACS_1879,0,1,0
BRACS_1880,0,1,0
BRACS_1881,0,1,0
BRACS_1882,1,1,0
BRACS_1888,2,1,0
BRACS_1890,0,1,0
BRACS_1893,0,1,0
BRACS_1899,1,1,0
BRACS_1900,0,1,0
BRACS_1901,0,1,0
BRACS_1902,0,1,0
BRACS_1903,2,1,0
BRACS_1904,0,1,0
BRACS_1905,0,1,0
BRACS_1911,1,1,0
BRACS_1912,1,1,0
BRACS_1913,1,1,0
BRACS_1914,0,1,0
BRACS_1915,1,1,0
BRACS_1916,1,1,0
BRACS_1917,0,1,0
BRACS_1918,0,1,0
BRACS_1919,2,1,0
BRACS_1920,2,1,0
BRACS_1921,2,1,0
BRACS_1922,1,1,0
BRACS_1923,2,1,0
BRACS_1924,0,1,0
BRACS_1925,1,1,0
BRACS_1926,1,1,0
BRACS_1927,2,1,0
BRACS_1928,2,1,0
BRACS_1929,2,1,0
BRACS_1930,2,1,0
BRACS_1931,2,1,0
BRACS_1932,1,1,0
BRACS_1933,1,1,0
BRACS_1934,1,1,0
BRACS_1946,0,1,0
BRACS_1947,2,1,0
BRACS_1948,0,1,0
BRACS_1949,0,1,0
BRACS_1950,2,1,0
BRACS_1957,0,1,0
BRACS_1958,0,1,0
BRACS_1960,0,1,0
BRACS_1961,0,1,0
BRACS_1962,0,1,0
BRACS_1963,0,1,0
BRACS_1964,0,1,0
BRACS_1965,0,1,0
BRACS_1966,0,1,0
BRACS_1967,0,1,0
BRACS_1968,1,1,0
BRACS_1969,1,1,0
BRACS_1970,2,1,0
BRACS_1971,1,1,0
BRACS_1972,0,1,0
BRACS_1973,0,1,0
BRACS_1984,2,1,0
BRACS_1986,0,1,0
BRACS_1987,1,1,0
BRACS_1988,0,1,0
BRACS_1989,0,1,0
BRACS_1993,0,1,0
BRACS_1994,0,1,0
BRACS_1995,0,1,0
BRACS_1996,0,1,0
BRACS_1997,0,1,0
BRACS_1998,0,1,0
BRACS_1999,2,1,0
BRACS_2000,0,1,0
BRACS_2001,0,1,0
BRACS_2002,0,1,0
BRACS_2004,0,1,0
BRACS_2005,0,1,0
BRACS_3268,0,1,0
BRACS_3269,0,1,0
BRACS_3270,0,1,0
BRACS_3271,0,1,0
BRACS_3272,0,1,0
BRACS_3273,0,1,0
BRACS_3274,0,1,0
BRACS_3275,0,1,0
BRACS_3276,0,1,0
BRACS_3277,0,1,0
BRACS_3278,0,1,0
BRACS_3279,0,1,0
BRACS_3281,0,1,0
BRACS_3282,0,1,0
BRACS_3283,0,1,0
BRACS_3289,2,1,0
BRACS_3290,2,1,0
BRACS_3291,2,1,0
BRACS_3292,0,1,0
BRACS_3293,2,1,0
BRACS_3294,2,1,0
BRACS_3305,2,1,0
BRACS_3308,2,1,0
BRACS_3309,0,1,0
BRACS_3310,0,1,0
BRACS_3311,0,1,0
BRACS_3312,0,1,0
BRACS_3313,0,1,0
BRACS_3314,2,1,0
BRACS_3315,2,1,0
BRACS_3316,2,1,0
BRACS_3317,0,1,0
BRACS_3318,1,1,0
BRACS_3319,2,1,0
BRACS_3320,2,1,0
BRACS_3321,2,1,0
BRACS_3334,0,1,0
BRACS_3335,0,1,0
BRACS_3336,0,1,0
BRACS_1003658,0,1,0
BRACS_1003659,0,1,0
BRACS_1003667,2,1,0
BRACS_1003668,0,1,0
BRACS_1003669,0,1,0
BRACS_1003670,2,1,0
BRACS_1003671,0,1,0
BRACS_1003672,0,1,0
BRACS_1003673,2,1,0
BRACS_1003675,0,1,0
BRACS_1003677,2,1,0
BRACS_1003678,2,1,0
BRACS_1003684,2,1,0
BRACS_1003685,0,1,0
BRACS_1003686,0,1,0
BRACS_1003692,2,1,0
BRACS_1003693,1,1,0
BRACS_1003697,2,1,0
BRACS_1003698,2,1,0
BRACS_1003699,2,1,0
BRACS_1003700,0,1,0
BRACS_1003703,2,1,0
BRACS_1003706,0,1,0
BRACS_1003707,0,1,0
BRACS_1003708,2,1,0
BRACS_1003709,2,1,0
BRACS_1003710,0,1,0
BRACS_1003713,0,1,0
BRACS_1003714,0,1,0
BRACS_1003715,0,1,0
BRACS_1003716,0,1,0
BRACS_1003721,2,1,0
BRACS_1003722,2,1,0
BRACS_1003723,2,1,0
BRACS_1003724,0,1,0
BRACS_1003725,0,1,0
BRACS_1003727,2,1,0
BRACS_1003728,1,1,0
BRACS_1003730,0,1,0
BRACS_1003731,2,1,0
BRACS_1003732,2,1,0
BRACS_1003734,0,1,0
BRACS_265,0,0,0
BRACS_735,2,0,0
BRACS_736,2,0,0
BRACS_737,2,0,0
BRACS_738,2,0,0
BRACS_739,2,0,0
BRACS_740,2,0,0
BRACS_1261,0,0,0
BRACS_1271,1,0,0
BRACS_1275,0,0,0
BRACS_1276,0,0,0
BRACS_1295,0,0,0
BRACS_1296,0,0,0
BRACS_1361,2,0,0
BRACS_1362,2,0,0
BRACS_1366,2,0,0
BRACS_1367,2,0,0
BRACS_1368,2,0,0
BRACS_1392,2,0,0
BRACS_1393,2,0,0
BRACS_1394,2,0,0
BRACS_1395,2,0,0
BRACS_1423,0,0,0
BRACS_1424,0,0,0
BRACS_1584,0,0,0
BRACS_1585,0,0,0
BRACS_1591,0,0,0
BRACS_1595,0,0,0
BRACS_1607,2,0,0
BRACS_1608,0,0,0
BRACS_1609,0,0,0
BRACS_1610,1,0,0
BRACS_1614,0,0,0
BRACS_1632,0,0,0
BRACS_1797,1,0,0
BRACS_1798,2,0,0
BRACS_1799,1,0,0
BRACS_1876,1,0,0
BRACS_1883,2,0,0
BRACS_1885,1,0,0
BRACS_1886,1,0,0
BRACS_1935,2,0,0
BRACS_1953,1,0,0
BRACS_1974,0,0,0
BRACS_1975,1,0,0
BRACS_1977,1,0,0
BRACS_1978,0,0,0
BRACS_1979,0,0,0
BRACS_1980,0,0,0
BRACS_1981,0,0,0
BRACS_1982,1,0,0
BRACS_1983,1,0,0
BRACS_3266,1,0,0
BRACS_3284,0,0,0
BRACS_3285,1,0,0
BRACS_3295,0,0,0
BRACS_3296,0,0,0
BRACS_3298,0,0,0
BRACS_3301,2,0,0
BRACS_3302,2,0,0
BRACS_3337,0,0,0
BRACS_1003661,0,0,0
BRACS_264,0,-1,1
BRACS_286,2,-1,1
BRACS_292,2,-1,1
BRACS_300,1,-1,1
BRACS_301,2,-1,1
BRACS_305,2,-1,1
BRACS_310,2,-1,1
BRACS_1228,1,-1,1
BRACS_1283,2,-1,1
BRACS_1284,2,-1,1
BRACS_1286,2,-1,1
BRACS_1330,0,-1,1
BRACS_1334,0,-1,1
BRACS_1411,2,-1,1
BRACS_1412,0,-1,1
BRACS_1413,2,-1,1
BRACS_1414,2,-1,1
BRACS_1416,0,-1,1
BRACS_1473,2,-1,1
BRACS_1474,2,-1,1
BRACS_1476,2,-1,1
BRACS_1503,1,-1,1
BRACS_1578,2,-1,1
BRACS_1579,0,-1,1
BRACS_1580,2,-1,1
BRACS_1587,2,-1,1
BRACS_1588,2,-1,1
BRACS_1589,1,-1,1
BRACS_1590,2,-1,1
BRACS_1597,2,-1,1
BRACS_1598,0,-1,1
BRACS_1601,0,-1,1
BRACS_1602,2,-1,1
BRACS_1619,0,-1,1
BRACS_1813,1,-1,1
BRACS_1814,1,-1,1
BRACS_1817,2,-1,1
BRACS_1820,0,-1,1
BRACS_1821,0,-1,1
BRACS_1823,2,-1,1
BRACS_1824,0,-1,1
BRACS_1825,1,-1,1
BRACS_1826,2,-1,1
BRACS_1842,0,-1,1
BRACS_1843,0,-1,1
BRACS_1844,1,-1,1
BRACS_1845,0,-1,1
BRACS_1846,0,-1,1
BRACS_1847,0,-1,1
BRACS_1848,0,-1,1
BRACS_1849,1,-1,1
BRACS_1850,0,-1,1
BRACS_1851,0,-1,1
BRACS_1852,0,-1,1
BRACS_1853,0,-1,1
BRACS_1855,0,-1,1
BRACS_1856,1,-1,1
BRACS_1867,2,-1,1
BRACS_1870,0,-1,1
BRACS_1872,2,-1,1
BRACS_1878,2,-1,1
BRACS_1892,1,-1,1
BRACS_1895,1,-1,1
BRACS_1896,0,-1,1
BRACS_1897,2,-1,1
BRACS_1906,0,-1,1
BRACS_1908,2,-1,1
BRACS_1910,2,-1,1
BRACS_1936,1,-1,1
BRACS_1937,1,-1,1
BRACS_1938,1,-1,1
BRACS_1940,0,-1,1
BRACS_1941,1,-1,1
BRACS_1942,0,-1,1
BRACS_1943,1,-1,1
BRACS_1944,1,-1,1
BRACS_1945,2,-1,1
BRACS_1952,0,-1,1
BRACS_1954,1,-1,1
BRACS_1955,1,-1,1
BRACS_2007,1,-1,1
BRACS_3322,0,-1,1
BRACS_3323,2,-1,1
BRACS_3324,0,-1,1
BRACS_1003691,1,-1,1
BRACS_1003694,1,-1,1
